802585	shaders/pixel/ps_5_0/combiners_mod_addalpha_alpha.bls	0x00000008	0x000173F6	07054d23b169b55552f1c729f28d25ad	826bc70a41b345205f940a4a4dde8908
802588	shaders/pixel/ps_5_0/combiners_mod_add_alpha.bls	0x00000008	0x000173F6	bfe76fb7f482a1ab374b18acef497ee0	9e89dcaf99fe04fdd9da40623afbc037
802584	shaders/pixel/ps_5_0/combiners_mod_addalpha.bls	0x00000008	0x000173F6	6768957d391e62be1fbcbf2f9219bdca	f6bb01da76def2a9ecbb6803e0a07a1f
802586	shaders/pixel/ps_5_0/combiners_mod_addalpha_wgt.bls	0x00000008	0x000173F6	ec5823d664c67304168c9920e01428fb	f76e368ecfcbaf2f5684fff47670186d
802583	shaders/pixel/ps_5_0/combiners_mod_add.bls	0x00000008	0x000173F6	2fb7986ba3f7076d31a3c052a19ba64e	c2d66f1b1f65321af5ef679b892e296f
802587	shaders/pixel/ps_5_0/combiners_mod_addna.bls	0x00000008	0x000173F6	6131feb86cc6cb81b571b3a7e5f7c292	ca6d4a9974f659cf3e0f96497fa774aa
802582	shaders/pixel/ps_5_0/combiners_mod.bls	0x00000008	0x000173F6	e170031710ba75aeab66a0f40a74c000	a105d6906ebeb14b14a8dfba7c1c5cf8
802589	shaders/pixel/ps_5_0/combiners_mod_depth.bls	0x00000008	0x000173F6	7debfb5b40a73dbdb1b774ac606524cc	df0bd7be50f51291e422fd9a83379371
802590	shaders/pixel/ps_5_0/combiners_mod_dual_crossfade.bls	0x00000008	0x000173F6	4a534ee27db61ab794c208d2b6acae05	8e2c20bbb6c2236fff906f4bdd82b91b
802591	shaders/pixel/ps_5_0/combiners_mod_masked_dual_crossfade.bls	0x00000008	0x000173F6	1d736b2b67322f93558a4c7165344427	dd290d926c08cd683bd7760447b2632f
802593	shaders/pixel/ps_5_0/combiners_mod_mod2x.bls	0x00000008	0x000173F6	1edb65414d8185d2e65bd6d46cd2111b	3f4926a7ffe0785c0a03cc2e05c13b25
802594	shaders/pixel/ps_5_0/combiners_mod_mod2xna.bls	0x00000008	0x000173F6	ec8539c5ef04147cc71079ecb83cdc4b	10820ae511ea87a071c96a78b4e7e7f6
802592	shaders/pixel/ps_5_0/combiners_mod_mod.bls	0x00000008	0x000173F6	735b02b2696abad7fab4f9af98571dad	68be3b5efcf4f1bcd7ce613ae7c769f0
1002746	shaders/pixel/ps_5_0/combiners_mod_mod_mod_const.bls	0x00000008	0x000173F6	703408a27787bd5c1d0dc10d5df8d1a8	66b81585f2f7109ae180f72302699ec4
802595	shaders/pixel/ps_5_0/combiners_mod_opaque.bls	0x00000008	0x000173F6	081566ec0cb81310c54766ded71d5cdb	d8b8f51f5232330fd7e05ad985558125
802598	shaders/pixel/ps_5_0/combiners_opaque_addalpha_alpha.bls	0x00000008	0x000173F6	ffdc38e79090fb1691c334eb05b05975	e1591d7da8e288424d1dc85315020a40
802597	shaders/pixel/ps_5_0/combiners_opaque_addalpha.bls	0x00000008	0x000173F6	a97a355510d9a25b4cd12cea6e202236	b21c7599e2da17b3c9d73d7351393ee2
802599	shaders/pixel/ps_5_0/combiners_opaque_addalpha_wgt.bls	0x00000008	0x000173F6	7e6fcc80ab2f178bd0cb060d94449f26	9d4e1ad635829b90577569c59512a5ce
802601	shaders/pixel/ps_5_0/combiners_opaque_alpha_alpha.bls	0x00000008	0x000173F6	ab274d78a3abb1ee6ccdde79c6aa1de6	3386898c7e1b56bee962ead624468837
802600	shaders/pixel/ps_5_0/combiners_opaque_alpha.bls	0x00000008	0x000173F6	8f76fb3a2d63d1d04526bb084d558d95	5c5771f0b96d37acfc5c6dfd75c205f3
802596	shaders/pixel/ps_5_0/combiners_opaque.bls	0x00000008	0x000173F6	fb6711be1cca568cbe12a14b9afa8478	742668e302fdfcc489e90e17d793ac92
802603	shaders/pixel/ps_5_0/combiners_opaque_mod2x.bls	0x00000008	0x000173F6	d71ab1fc4bd4fcbb0cb35604ce8c02ff	d7fa9a1032351ea5c5e7ed221491b652
802606	shaders/pixel/ps_5_0/combiners_opaque_mod2xna_alpha_3s.bls	0x00000008	0x000173F6	1e822f5c3d96fd49d480c80f0eff1567	f62618e0141459112f970a4135d03386
802607	shaders/pixel/ps_5_0/combiners_opaque_mod2xna_alpha_add.bls	0x00000008	0x000173F6	f069e2590f999334d66b9ce673b0ef53	74745f58082000400e7999ede3b47fa0
802608	shaders/pixel/ps_5_0/combiners_opaque_mod2xna_alpha_alpha.bls	0x00000008	0x000173F6	0184283ce9ecd541c5b4f99def71c4a9	0bbad2e2492dc4dd10bf1a2bdf5bce8c
802605	shaders/pixel/ps_5_0/combiners_opaque_mod2xna_alpha.bls	0x00000008	0x000173F6	055e6e448b72e27bea64d9eee67e8448	f05e8bb8ac94334364547ec414729fa7
802609	shaders/pixel/ps_5_0/combiners_opaque_mod2xna_alpha_unshalpha.bls	0x00000008	0x000173F6	17eb660363e307c2bf6def619f7788cd	930859e5d682695973308d82b40219df
802604	shaders/pixel/ps_5_0/combiners_opaque_mod2xna.bls	0x00000008	0x000173F6	8da0721e50e17855ee2a0f1a02163941	e55006cb92b881e1ed1a83f262e01977
802611	shaders/pixel/ps_5_0/combiners_opaque_mod_add_wgt.bls	0x00000008	0x000173F6	05d243201266eb343952ed0c57db3dd9	879ad513e36c10a5f27ea61b4e454f32
802602	shaders/pixel/ps_5_0/combiners_opaque_mod.bls	0x00000008	0x000173F6	37fa44bb5e52c7eeb3d8525e55d35d2b	aa3a101efc51b25325b95efce68c6486
802610	shaders/pixel/ps_5_0/combiners_opaque_modna_alpha.bls	0x00000008	0x000173F6	a6def7b8fe7149a23c1d563942363168	b113e5d593da0520668e5c987eaa37d8
802612	shaders/pixel/ps_5_0/combiners_opaque_opaque.bls	0x00000008	0x000173F6	ee4a662667716ec9309e71af9e559753	68d26f1214d57b02bd1681df180109cd
802654	shaders/pixel/ps_5_0/guild.bls	0x00000008	0x000173F6	5e773feaf017c6a123efc396a7253a7b	ffe1793b6fc26acebd6ec08d496f8152
802655	shaders/pixel/ps_5_0/guild_noborder.bls	0x00000008	0x000173F6	f6bb2528303a70377ce4d34fee812a79	ec82d64f86eaa03ba3a7db983b9acac9
802656	shaders/pixel/ps_5_0/guild_opaque.bls	0x00000008	0x000173F6	461e5327e31253fa2bba3827d1cd32de	ad826d612ddbb2b1869a468f6240e1e5
802657	shaders/pixel/ps_5_0/illum.bls	0x00000008	0x000173F6	27a7e66ef9e25cb2060dd73797b23b6f	0abbd088f81cffe3c071a74b0d8935ed
802664	shaders/pixel/ps_5_0/mapobjadditivemaskedenvmetal.bls	0x00000008	0x000173F6	59e354366c96fff00a6bc1bc96b5969b	35c6261b55f0023353cbdee4a11da566
802665	shaders/pixel/ps_5_0/mapobjdiffuse.bls	0x00000008	0x000173F6	3a7fb054c2d15b4fa25a8aef9e2075d0	d1b71205c6916201f49b8aeb858d9326
802666	shaders/pixel/ps_5_0/mapobjdiffuseemissive.bls	0x00000008	0x000173F6	128552ce0cb2a7e7cde60dd9769f6cfd	9e0fca429a0cde767e26e87a04cbca25
802667	shaders/pixel/ps_5_0/mapobjenv.bls	0x00000008	0x000173F6	04dd8c35b8705ed2d322fdafb905903e	88415b5ab1025278926ffdad7e51c998
802668	shaders/pixel/ps_5_0/mapobjenvmetal.bls	0x00000008	0x000173F6	d1984e5708e26ae588a8cfaf0781a6cb	c08f981e4a1dd157674951b6164765dc
802669	shaders/pixel/ps_5_0/mapobjenvmetalemissive.bls	0x00000008	0x000173F6	7f70869d75f40bd22f454484bb4f4b40	14d0c17716ca04726a4cb0106f533ba3
1261426	shaders/pixel/ps_5_0/mapobjlod.bls	0x00000008	0x000173F6	14e988dbcc0fc1e5b978c4b59182d4cf	eb44427ee2994997ded7c44430cf687a
802670	shaders/pixel/ps_5_0/mapobjmaskedenvmetal.bls	0x00000008	0x000173F6	0e2c99cb7913110410052d22d381c9dd	0ca448793660db93ded8b60370a76c3f
802671	shaders/pixel/ps_5_0/mapobjmetal.bls	0x00000008	0x000173F6	4ff50e6e97255f94cf78de3f95c89df1	6d83320985c4dbf3308eea0457c7af64
802672	shaders/pixel/ps_5_0/mapobjopaque.bls	0x00000008	0x000173F6	1f23487bc479051fa56a65bcf003eda1	a69268884c217955c10d9ead1350ad0c
1624942	shaders/pixel/ps_5_0/mapobjparallax.bls	0x00000008	0x000173F6	ff3e24f6f3afee6320a58dcb579b3346	44993df9ca21e4700bf64f793c8c6cb6
802673	shaders/pixel/ps_5_0/mapobjspecular.bls	0x00000008	0x000173F6	f7d06d32c409afb9868e1dd75478f7f5	24c663d3f322f6d9b06ca6db998450d7
1126994	shaders/pixel/ps_5_0/mapobjtwolayerdiffusealpha.bls	0x00000008	0x000173F6	13ca846c34d93e3cf9d00efa7bc13e4c	2596833a1bb1c69ce733483d82e6c713
802674	shaders/pixel/ps_5_0/mapobjtwolayerdiffuse.bls	0x00000008	0x000173F6	9ee42d9d939aaeeb328f4ac5533fb6b3	5ec86224a46990159f53f5557073353a
802675	shaders/pixel/ps_5_0/mapobjtwolayerdiffuseemissive.bls	0x00000008	0x000173F6	14abcfb39a981229aea5bda3c8cd335f	92c92b99078835a701746f57ae90d5fd
1127000	shaders/pixel/ps_5_0/mapobjtwolayerdiffusemod2x.bls	0x00000008	0x000173F6	15d29099c5034b0045188e5b8b882e79	5eaf22bbde9319cf97dd09df2c6f452e
1127003	shaders/pixel/ps_5_0/mapobjtwolayerdiffusemod2xna.bls	0x00000008	0x000173F6	53c8a1372f0f51de8f4693175d7a4bcd	f94e00c955730f18232d855d4c14f3c0
802676	shaders/pixel/ps_5_0/mapobjtwolayerdiffuseopaque.bls	0x00000008	0x000173F6	a5ff858114b90b339edf507390f9a023	1de372d4297db9cbf69301830e719a08
802677	shaders/pixel/ps_5_0/mapobjtwolayerenvmetal.bls	0x00000008	0x000173F6	df9d51a08ff92ad0c2755bb9f31c93cd	69226d63008688be4080eb1a3ae82376
802678	shaders/pixel/ps_5_0/mapobjtwolayerterrain.bls	0x00000008	0x000173F6	61a47633cf747b9d96edcc4f51abaa85	bd98658f9327dd12c82396eaa4233212
1109399	shaders/pixel/ps_5_0/prepassmapobj.bls	0x00000008	0x000173F6	9eca3c4ba0d9ab31e3f7cb3449c6780b	9025d696217e3b6629071e5c73a2a9ba
803297	shaders/vertex/vs_5_0/diffuse_edgefade_env.bls	0x00000008	0x000173F6	b43a3b564650daf4f8e4bf081e396f20	e74e20225620ce54d7a9345b2ebbf72b
803298	shaders/vertex/vs_5_0/diffuse_edgefade_t1.bls	0x00000008	0x000173F6	e40ad9123b5cc9e030db11cea10249f2	be4ec3b3bbfb672b4a9e36f2f6fff9fb
803299	shaders/vertex/vs_5_0/diffuse_edgefade_t1_t2.bls	0x00000008	0x000173F6	ccad758512b07a524059a3bdbef6d431	1db0be14cdae37e457260320f45b23bb
803300	shaders/vertex/vs_5_0/diffuse_env.bls	0x00000008	0x000173F6	dc7202e37e0321a815e15d8304b26167	33251a7f14d20e88491434e8a51fa2d8
803301	shaders/vertex/vs_5_0/diffuse_env_env.bls	0x00000008	0x000173F6	6da5d27c0ac55310f6214902a17ea693	6bf54dd311f4f524944aee4832d11c6a
803302	shaders/vertex/vs_5_0/diffuse_env_t1.bls	0x00000008	0x000173F6	10fc0fd173f70d32b5553d22394d1bb1	8fd9f6bc2aa1c6afeed14554ee303f6d
1002773	shaders/vertex/vs_5_0/diffuse_proj_single_texture.bls	0x00000008	0x000173F6	58377eb5e69d4b17bb69addd8f42333a	fb73c3bd6b228713efb14339b332d390
1002729	shaders/vertex/vs_5_0/diffuse_proj_three_texture.bls	0x00000008	0x000173F6	8b79679c02a8c3ac1a804100fb46dfdc	7ace17bf42d3d881eb6b90af310cfb62
1085990	shaders/vertex/vs_5_0/diffuse_proj_two_texture.bls	0x00000008	0x000173F6	49c9b54e47b1558cf40b8f806105838b	6cc7c445e0693618087eb3ce0f25de27
803304	shaders/vertex/vs_5_0/diffuse_t1.bls	0x00000008	0x000173F6	2b5f065648baa2cd86d4d93c4dc3e227	cc34664883e09d4a4ae425260dd9fd83
803305	shaders/vertex/vs_5_0/diffuse_t1_env.bls	0x00000008	0x000173F6	e23e2ed3ab3507545529828f0d00a6d5	56822b3a1dd36d89b04978105abb42a9
803306	shaders/vertex/vs_5_0/diffuse_t1_env_t1.bls	0x00000008	0x000173F6	03248f06c831b07608a7614792287a1b	5a9c93a78b5a84dc5492b7986e817f55
803307	shaders/vertex/vs_5_0/diffuse_t1_env_t2.bls	0x00000008	0x000173F6	6d4a6b123509cf1a313dc3da854cf1c1	f0d0b02e15a4cfe18b165d1ca7628270
803308	shaders/vertex/vs_5_0/diffuse_t1_t1.bls	0x00000008	0x000173F6	fb3370eaf809ffbb2a15502229bfee2e	c868f226dee86ac3072d256a98fc4a86
803309	shaders/vertex/vs_5_0/diffuse_t1_t1_t1.bls	0x00000008	0x000173F6	26904d225a2d4a1d957c1d0ecaf29ac7	affd403244fab67fbe25cd338b143f5a
803311	shaders/vertex/vs_5_0/diffuse_t1_t2.bls	0x00000008	0x000173F6	96b1b96a1dcc9f25433650b01fb5f464	e6c03a2e030ec97b3c44598bd9e2d694
803312	shaders/vertex/vs_5_0/diffuse_t1_t2_t1.bls	0x00000008	0x000173F6	df35b729722b4c21c6161ed1fcaf2506	9e4765201d945c50f8a07cfad67b126a
1099851	shaders/vertex/vs_5_0/diffuse_t1_t2_t3.bls	0x00000008	0x000173F6	809884bd7464cb76ed72014733fe8bd3	79a005b24149eaa8106651959ce3f02e
803313	shaders/vertex/vs_5_0/diffuse_t2.bls	0x00000008	0x000173F6	e4ef8c751221a76db37666989e72f332	684dbbf06930dc3a6d462d5ab9e33aa7
1126984	shaders/vertex/vs_5_0/mapobjdiffuse_compalpha.bls	0x00000008	0x000173F6	72bc4417d2ab9adf0f9eb53f367eea96	372baab4db202e2b9b9efa7eefe5c4a8
803334	shaders/vertex/vs_5_0/mapobjdiffuse_comp.bls	0x00000008	0x000173F6	6834bc0b7682f9e2c8636282003e65ca	b403e84a5588d0591bf0d577529d5caa
803335	shaders/vertex/vs_5_0/mapobjdiffuse_comp_refl.bls	0x00000008	0x000173F6	83a1b4aa4002fdeab987020bc3d63aa0	8e6786e34d3fa563f454b2ba50b53c87
803336	shaders/vertex/vs_5_0/mapobjdiffuse_comp_terrain.bls	0x00000008	0x000173F6	d770e4e084fcbae4deec8256aa59604b	51bc94065f868070ea1c6eb3bd66f8d9
803337	shaders/vertex/vs_5_0/mapobjdiffuse_t1.bls	0x00000008	0x000173F6	aa723af5893a24b6e1fbf4a1eb42f96d	d9663342150165d3301190a018606b14
803338	shaders/vertex/vs_5_0/mapobjdiffuse_t1_env_t2.bls	0x00000008	0x000173F6	0f2821b36f0ab7943c2e2d050f7d16fb	559e4c2686b868afc6414d53d33287ad
803339	shaders/vertex/vs_5_0/mapobjdiffuse_t1_refl.bls	0x00000008	0x000173F6	929c0d730b47ce185e44df9401a7a964	ef09b6a894254957478ddcbdd31ac010
803340	shaders/vertex/vs_5_0/mapobjdiffuse_t1_t2.bls	0x00000008	0x000173F6	fdeb564bb21c32e5166b88b1e9c1bb3e	eb642b78d8fafb7557b1b16f374704ec
1126932	shaders/vertex/vs_5_0/mapobjdiffuse_t1_t2_t3.bls	0x00000008	0x000173F6	dc17afce3edb7a18cf1cb4aa567c9c72	4a345e5bd253d51dc90feae30ea52d7c
1624932	shaders/vertex/vs_5_0/mapobjparallax.bls	0x00000008	0x000173F6	46f9f484cd83ababd142a06cdb29b20b	d8ba5700919dee09f4edc5e4c3c1bccb
1019080	shaders/vertex/vs_5_0/prepassmapobj.bls	0x00000008	0x000173F6	53bc831ec92ec1d9a36fb2da26e443ba	c246c992d2b25430a6318b848075e436
1099841	shaders/vertex/vs_5_0/prepassmodel2.bls	0x00000008	0x000173F6	70d942ad7ff4b4d3e8d987e49a99490f	aa556e5103fc4590f0fabf6eb8648cae
803357	shaders/vertex/vs_5_0/projtex2d_model2.bls	0x00000008	0x000173F6	0fc36a98e05aeddd228d400f905feddb	ae451a696a257bbb492266c2b26066c0
